org.gnome.nautilus.preferences	default-folder-viewer	'list-view'
org.gnome.nautilus.preferences	default-sort-order	'name'
org.gnome.nautilus.preferences	default-sort-in-reverse-order	false
org.gnome.nautilus.preferences	always-use-location-entry	false
org.gnome.nautilus.preferences	click-policy	'double'
org.gnome.nautilus.preferences	show-image-thumbnails	'local-only'
org.gnome.nautilus.preferences	recursive-search	'local-only'
org.gnome.nautilus.preferences	show-delete-permanently	false
org.gnome.nautilus.preferences	show-create-link	false
org.gnome.nautilus.list-view	default-zoom-level	'small'
org.gnome.nautilus.list-view	default-visible-columns	['name', 'size', 'date_modified']
org.gnome.nautilus.list-view	use-tree-view	false
org.gtk.gtk4.Settings.FileChooser	sort-directories-first	true
org.gtk.gtk4.Settings.FileChooser	show-hidden	false
org.gnome.nautilus.window-state	maximized	false
org.gtk.Settings.FileChooser	sort-directories-first	true
